Version, ProportionValue
1,1
2,1
3,0.9736842105263158
5,1.0
6,0.9859154929577465
7,0.9594594594594594
8,0.9605263157894737
9,1.0232558139534884
11,1.0
12,0.9369369369369369